Abidjan,Côte d'Ivoire
Abidjan,Cote d'Ivoire
Yamoussoukro,Côte d'Ivoire
Yamoussoukro,Cote d'Ivoire
Abu Dhabi,United Arab Emirates
Abuja,Nigeria
Accra,Ghana
Adamstown,Pitcairn Island
Addis Ababa,Ethiopia
Aden,Yemen
Sanaa,Yemen
Episkopi Cantonment,Akrotiri and Dhekelia
Algiers,Algeria
Alofi,Niue
Amman,Jordan
Amsterdam,Netherlands
The Hague,Netherlands
Andorra la Vella,Andorra
Ankara,Turkey
Antananarivo,Madagascar
Apia,Samoa
Ashgabat,Turkmenistan
Asmara,Eritrea
Astana,Kazakhstan
Asunción,Paraguay
Asuncion,Paraguay
Atafu,Tokelau
Nukunonu,Tokelau
Fakaofo,Tokelau
Athens,Greece
Avarua,Cook Islands
Baghdad,Iraq
Baku,Azerbaijan
Bamako,Mali
Bandar Seri Begawan,Brunei
Bangkok,Thailand
Bangui,Central African Republic
Banjul,The Gambia
Basseterre,Saint Kitts and Nevis
Beijing,China
Beirut,Lebanon
Belgrade,Serbia
Belmopan,Belize
Berlin,Germany
Bern,Switzerland
Bishkek,Kyrgyzstan
Bissau,Guinea-Bissau
Bloemfontein,South Africa
Cape Town,South Africa
Pretoria,South Africa
Bogotá,Colombia
Bogota,Colombia
Brades,Montserrat
Plymouth,Montserrat
Brasília,Brazil
Brasilia,Brazil
Bratislava,Slovakia
Brazzaville,Republic of the Congo
Bridgetown,Barbados
Brussels,Belgium
Bucharest,Romania
Budapest,Hungary
Buenos Aires,Argentina
Cairo,Egypt
Canberra,Australia
Caracas,Venezuela
Castries,Saint Lucia
Charlotte Amalie,United States Virgin Islands
Chișinău,Moldova
Chisinau,Moldova
Ciudad de la Paz,Equatorial Guinea
Cockburn Town,Turks and Caicos Islands
Colombo,Sri Lanka
Sri Jayawardenepura Kotte,Sri Lanka
Conakry,Guinea
Copenhagen,Denmark
Cotonou,Benin
Porto-Novo,Benin
Dakar,Senegal
Damascus,Syria
Dhaka,Bangladesh
Dili,East Timor
Djibouti,Djibouti
Dodoma,Tanzania
Doha,Qatar
Douglas,Isle of Man
Dublin,Ireland
Dushanbe,Tajikistan
Edinburgh of the Seven Seas,Tristan da Cunha
Flying Fish Cove,Christmas Island
Freetown,Sierra Leone
Funafuti,Tuvalu
Gaborone,Botswana
George Town,Cayman Islands
Georgetown,Ascension Island
Georgetown,Guyana
Gibraltar,Gibraltar
Gitega,Burundi
Bujumbura,Burundi
Guatemala City,Guatemala
Gustavia,Saint Barthélemy
Gustavia,Saint Barthelemy
Hagåtña,Guam
Hagatna,Guam
Hamilton,Bermuda
Hanoi,Vietnam
Harare,Zimbabwe
Hargeisa,Somaliland
Havana,Cuba
Helsinki,Finland
Honiara,Solomon Islands
Islamabad,Pakistan
Jakarta,Indonesia
Nusantara,Indonesia
Jamestown,Saint Helena
Jerusalem,Israel
Ramallah,West Bank
Juba,South Sudan
Kabul,Afghanistan
Kampala,Uganda
Kathmandu,Nepal
Khartoum,Sudan
Kigali,Rwanda
King Edward Point,South Georgia and the South Sandwich Islands
Kingston,Jamaica
Kingston,Norfolk Island
Kingstown,Saint Vincent and the Grenadines
Kinshasa,Democratic Republic of the Congo
Kuala Lumpur,Malaysia
Putrajaya,Malaysia
Kuwait City,Kuwait
Kyiv,Ukraine
La Paz,Bolivia
Sucre,Bolivia
Laayoune,Western Sahara
Tifariti,Western Sahara
Libreville,Gabon
Lilongwe,Malawi
Lima,Peru
Lisbon,Portugal
Ljubljana,Slovenia
Lobamba,Eswatini
Mbabane,Eswatini
Lomé,Togo
Lome,Togo
London,United Kingdom
London,British Indian Ocean Territory
Diego Garcia,British Indian Ocean Territory
Luanda,Angola
Lusaka,Zambia
Luxembourg,Luxembourg
Madrid,Spain
Majuro,Marshall Islands
Malé,Maldives
Male,Maldives
Managua,Nicaragua
Manama,Bahrain
Manila,Philippines
Maputo,Mozambique
Mariehamn,Åland Islands
Mariehamn,Aland Islands
Marigot,Saint Martin
Maseru,Lesotho
Mata Utu,Wallis and Futuna
Mexico City,Mexico
Minsk,Belarus
Mogadishu,Somalia
Monaco,Monaco
Monrovia,Liberia
Montevideo,Uruguay
Moroni,Comoros
Moscow,Russia
Muscat,Oman
Nairobi,Kenya
Nassau,The Bahamas
Naypyidaw,Myanmar
N'Djamena,Chad
New Delhi,India
Ngerulmud,Palau
Niamey,Niger
Nicosia,Cyprus
Nouakchott,Mauritania
Nouméa,New Caledonia
Noumea,New Caledonia
Nukuʻalofa,Tonga
Nukualofa,Tonga
Nuuk,Greenland
Oranjestad,Aruba
Oslo,Norway
Ottawa,Canada
Ouagadougou,Burkina Faso
Pago Pago,American Samoa
Palikir,Micronesia
Panama City,Panama
Papeete,French Polynesia
Paramaribo,Suriname
Paris,France
Philipsburg,Sint Maarten
Phnom Penh,Cambodia
Podgorica,Montenegro
Port Louis,Mauritius
Port Moresby,Papua New Guinea
Port of Spain,Trinidad and Tobago
Port Vila,Vanuatu
Port-au-Prince,Haiti
Prague,Czech Republic
Praia,Cabo Verde
Pristina,Kosovo
Pyongyang,North Korea
Quito,Ecuador
Rabat,Morocco
Reykjavík,Iceland
Reykjavik,Iceland
Riga,Latvia
Riyadh,Saudi Arabia
Road Town,British Virgin Islands
Rome,Italy
Roseau,Dominica
Rothera,British Antarctic Territory
Saipan,Northern Mariana Islands
San José,Costa Rica
San Jose,Costa Rica
San Juan,Puerto Rico
San Marino,San Marino
San Salvador,El Salvador
Santiago,Chile
Santo Domingo,Dominican Republic
São Tomé,Sao Tome and Principe
Sao Tome,Sao Tome and Principe
Sarajevo,Bosnia and Herzegovina
Seoul,South Korea
Singapore,Singapore
Skopje,North Macedonia
Sofia,Bulgaria
South Tarawa,Kiribati
St. George's,Grenada
St. Helier,Jersey
St. John's,Antigua and Barbuda
St. Peter Port,Guernsey
St. Pierre,Saint-Pierre and Miquelon
Stanley,Falkland Islands
Stockholm,Sweden
Sukhumi,Abkhazia
Suva,Fiji
Taipei,Taiwan
Tallinn,Estonia
Tashkent,Uzbekistan
Tbilisi,Georgia
Tegucigalpa,Honduras
Comayagüela,Honduras
Comayaguela,Honduras
Tehran,Iran
Thimphu,Bhutan
Tirana,Albania
Tiraspol,Transnistria
Tokyo,Japan
Tórshavn,Faroe Islands
Torshavn,Faroe Islands
Tripoli,Libya
Tskhinvali,South Ossetia
Tunis,Tunisia
Ulaanbaatar,Mongolia
Vaduz,Liechtenstein
Valletta,Malta
Vatican City,Vatican City
Victoria,Seychelles
Vienna,Austria
Vientiane,Laos
Vilnius,Lithuania
Warsaw,Poland
Washington,United States
Wellington,New Zealand
Willemstad,Curaçao
Willemstad,Curacao
Windhoek,Namibia
Yaoundé,Cameroon
Yaounde,Cameroon
Yaren,Nauru
Yerevan,Armenia
Zagreb,Croatia
